-- Palmyra
-- Civilazation
DELETE FROM TraitModifiers
      WHERE ModifierId IN ('MODIFIER_MER_PEARL_OF_THE_DESERT_TRADING_POST_FOREIGN_FOOD', 'MODIFIER_MER_PEARL_OF_THE_DESERT_TRADING_POST_FOREIGN_PRODUCTION', 'MODIFIER_MER_PEARL_OF_THE_DESERT_TRADING_POST_DOMESTIC_FOOD', 'MODIFIER_MER_PEARL_OF_THE_DESERT_TRADING_POST_DOMESTIC_PRODUCTION', 'MODIFIER_MER_PEARL_OF_THE_DESERT_COMMERCIAL_OASIS', 'MODIFIER_MER_PEARL_OF_THE_DESERT_THEATRE_OASIS', 'MODIFIER_MER_PEARL_OF_THE_DESERT_HOLYSITE_OASIS');

-- Commercial +0.5 from desert and desert hills
INSERT INTO TraitModifiers (TraitType, ModifierId) VALUES 
('TRAIT_CIVILIZATION_MER_PEARL_OF_THE_DESERT', 'MODIFIER_VAN_COMMERCIAL_GOLD_DESERT');

INSERT INTO Modifiers (ModifierId, ModifierType, RunOnce, Permanent, NewOnly, OwnerRequirementSetId, SubjectRequirementSetId) VALUES 
('MODIFIER_VAN_COMMERCIAL_GOLD_DESERT', 'MODIFIER_ALL_CITIES_TERRAIN_ADJACENCY', 0, 0, 0, NULL, NULL);

INSERT INTO ModifierArguments (ModifierId, Name, Value) VALUES 
('MODIFIER_VAN_COMMERCIAL_GOLD_DESERT', 'Amount', '1'), 
('MODIFIER_VAN_COMMERCIAL_GOLD_DESERT', 'Description', 'LOC_MODIFIER_VAN_COMMERCIAL_GOLD_DESERT'), 
('MODIFIER_VAN_COMMERCIAL_GOLD_DESERT', 'DistrictType', 'DISTRICT_COMMERCIAL_HUB'), 
('MODIFIER_VAN_COMMERCIAL_GOLD_DESERT', 'TerrainType', 'TERRAIN_DESERT'), 
('MODIFIER_VAN_COMMERCIAL_GOLD_DESERT', 'TilesRequired', '2'), 
('MODIFIER_VAN_COMMERCIAL_GOLD_DESERT', 'YieldType', 'YIELD_GOLD');

--
INSERT INTO TraitModifiers (TraitType, ModifierId) VALUES 
('TRAIT_CIVILIZATION_MER_PEARL_OF_THE_DESERT', 'MODIFIER_VAN_COMMERCIAL_GOLD_DESERT_HILLS');

INSERT INTO Modifiers (ModifierId, ModifierType, RunOnce, Permanent, NewOnly, OwnerRequirementSetId, SubjectRequirementSetId) VALUES 
('MODIFIER_VAN_COMMERCIAL_GOLD_DESERT_HILLS', 'MODIFIER_ALL_CITIES_TERRAIN_ADJACENCY', 0, 0, 0, NULL, NULL);

INSERT INTO ModifierArguments (ModifierId, Name, Value) VALUES 
('MODIFIER_VAN_COMMERCIAL_GOLD_DESERT_HILLS', 'Amount', '1'), 
('MODIFIER_VAN_COMMERCIAL_GOLD_DESERT_HILLS', 'Description', 'LOC_MODIFIER_VAN_COMMERCIAL_GOLD_DESERT_HILLS'), 
('MODIFIER_VAN_COMMERCIAL_GOLD_DESERT_HILLS', 'DistrictType', 'DISTRICT_COMMERCIAL_HUB'), 
('MODIFIER_VAN_COMMERCIAL_GOLD_DESERT_HILLS', 'TerrainType', 'TERRAIN_DESERT_HILLS'), 
('MODIFIER_VAN_COMMERCIAL_GOLD_DESERT_HILLS', 'TilesRequired', '2'), 
('MODIFIER_VAN_COMMERCIAL_GOLD_DESERT_HILLS', 'YieldType', 'YIELD_GOLD');

-- start bias
DELETE FROM StartBiasResources
      WHERE Tier = 3 AND
            ResourceType = 'RESOURCE_INCENSE' AND
            CivilizationType = 'CIVILIZATION_MER_PALMYRA';
DELETE FROM StartBiasFeatures
      WHERE Tier = 1 AND
            CivilizationType = 'CIVILIZATION_MER_PALMYRA' AND
            FeatureType = 'FEATURE_OASIS';

-- City on desert commercial prod +20%
INSERT INTO TraitModifiers (TraitType, ModifierId) VALUES 
('TRAIT_CIVILIZATION_MER_PEARL_OF_THE_DESERT', 'MODIFIER_VAN_DESERT_COMMERCIAL_PROD_BONUS');

INSERT INTO Modifiers (ModifierId, ModifierType, RunOnce, Permanent, NewOnly, OwnerRequirementSetId, SubjectRequirementSetId) VALUES 
('MODIFIER_VAN_DESERT_COMMERCIAL_PROD_BONUS', 'MODIFIER_PLAYER_CITIES_ADJUST_DISTRICT_PRODUCTION', 0, 0, 0, NULL, 'REQSET_VAN_DESERT_COMMERCIAL_PROD_BONUS');

INSERT INTO ModifierArguments (ModifierId, Name, Value) VALUES 
('MODIFIER_VAN_DESERT_COMMERCIAL_PROD_BONUS', 'Amount', '20'), 
('MODIFIER_VAN_DESERT_COMMERCIAL_PROD_BONUS', 'DistrictType', 'DISTRICT_COMMERCIAL_HUB');

INSERT INTO RequirementSets (RequirementSetId, RequirementSetType) VALUES 
('REQSET_VAN_DESERT_COMMERCIAL_PROD_BONUS', 'REQUIREMENTSET_TEST_ALL');

INSERT INTO RequirementSetRequirements (RequirementSetId, RequirementId) VALUES 
('REQSET_VAN_DESERT_COMMERCIAL_PROD_BONUS', 'REQ_VAN_PLOT_IS_DESERT');

INSERT INTO Requirements (RequirementId, RequirementType) VALUES 
('REQ_VAN_PLOT_IS_DESERT', 'REQUIREMENT_PLOT_TERRAIN_TYPE_MATCHES');

INSERT INTO RequirementArguments (RequirementId, Name, Value) VALUES 
('REQ_VAN_PLOT_IS_DESERT', 'TerrainType', 'TERRAIN_DESERT');

--
INSERT INTO TraitModifiers (TraitType, ModifierId) VALUES 
('TRAIT_CIVILIZATION_MER_PEARL_OF_THE_DESERT', 'MODIFIER_VAN_DESERT_HILLS_COMMERCIAL_PROD_BONUS');

INSERT INTO Modifiers (ModifierId, ModifierType, RunOnce, Permanent, NewOnly, OwnerRequirementSetId, SubjectRequirementSetId) VALUES 
('MODIFIER_VAN_DESERT_HILLS_COMMERCIAL_PROD_BONUS', 'MODIFIER_PLAYER_CITIES_ADJUST_DISTRICT_PRODUCTION', 0, 0, 0, NULL, 'REQSET_VAN_DESERT_HILLS_COMMERCIAL_PROD_BONUS');

INSERT INTO ModifierArguments (ModifierId, Name, Value) VALUES 
('MODIFIER_VAN_DESERT_HILLS_COMMERCIAL_PROD_BONUS', 'Amount', '20'), 
('MODIFIER_VAN_DESERT_HILLS_COMMERCIAL_PROD_BONUS', 'DistrictType', 'DISTRICT_COMMERCIAL_HUB');

INSERT INTO RequirementSets (RequirementSetId, RequirementSetType) VALUES 
('REQSET_VAN_DESERT_HILLS_COMMERCIAL_PROD_BONUS', 'REQUIREMENTSET_TEST_ALL');

INSERT INTO RequirementSetRequirements (RequirementSetId, RequirementId) VALUES 
('REQSET_VAN_DESERT_HILLS_COMMERCIAL_PROD_BONUS', 'REQ_VAN_PLOT_IS_DESERT_HILLS');

INSERT INTO Requirements (RequirementId, RequirementType) VALUES 
('REQ_VAN_PLOT_IS_DESERT_HILLS', 'REQUIREMENT_PLOT_TERRAIN_TYPE_MATCHES');

INSERT INTO RequirementArguments (RequirementId, Name, Value) VALUES 
('REQ_VAN_PLOT_IS_DESERT_HILLS', 'TerrainType', 'TERRAIN_DESERT_HILLS');

-- City center +1 prod from desert(hills)
-- INSERT INTO TraitModifiers (TraitType, ModifierId) VALUES 
-- ('TRAIT_CIVILIZATION_MER_PEARL_OF_THE_DESERT', 'MODIFIER_VAN_CITY_CENTER_PROD_DESERT');

-- INSERT INTO Modifiers (ModifierId, ModifierType, RunOnce, Permanent, NewOnly, OwnerRequirementSetId, SubjectRequirementSetId) VALUES 
-- ('MODIFIER_VAN_CITY_CENTER_PROD_DESERT', 'MODIFIER_ALL_CITIES_TERRAIN_ADJACENCY', 0, 0, 0, 'BBG_UTILS_PLAYER_HAS_CIVIC_FOREIGN_TRADE_REQSET', NULL);

-- INSERT INTO ModifierArguments (ModifierId, Name, Value) VALUES 
-- ('MODIFIER_VAN_CITY_CENTER_PROD_DESERT', 'Amount', '1'), 
-- ('MODIFIER_VAN_CITY_CENTER_PROD_DESERT', 'Description', 'LOC_MODIFIER_VAN_CITY_CENTER_PROD_DESERT'), 
-- ('MODIFIER_VAN_CITY_CENTER_PROD_DESERT', 'DistrictType', 'DISTRICT_CITY_CENTER'), 
-- ('MODIFIER_VAN_CITY_CENTER_PROD_DESERT', 'TerrainType', 'TERRAIN_DESERT'), 
-- ('MODIFIER_VAN_CITY_CENTER_PROD_DESERT', 'TilesRequired', '1'), 
-- ('MODIFIER_VAN_CITY_CENTER_PROD_DESERT', 'YieldType', 'YIELD_PRODUCTION');

--
INSERT INTO TraitModifiers (TraitType, ModifierId) VALUES 
('TRAIT_CIVILIZATION_MER_PEARL_OF_THE_DESERT', 'MODIFIER_VAN_CITY_CENTER_PROD_DESERT_HILLS');

INSERT INTO Modifiers (ModifierId, ModifierType, RunOnce, Permanent, NewOnly, OwnerRequirementSetId, SubjectRequirementSetId) VALUES 
('MODIFIER_VAN_CITY_CENTER_PROD_DESERT_HILLS', 'MODIFIER_ALL_CITIES_TERRAIN_ADJACENCY', 0, 0, 0, 'BBG_UTILS_PLAYER_HAS_CIVIC_FOREIGN_TRADE_REQSET', NULL);

INSERT INTO ModifierArguments (ModifierId, Name, Value) VALUES 
('MODIFIER_VAN_CITY_CENTER_PROD_DESERT_HILLS', 'Amount', '1'), 
('MODIFIER_VAN_CITY_CENTER_PROD_DESERT_HILLS', 'Description', 'LOC_MODIFIER_VAN_CITY_CENTER_PROD_DESERT_HILLS'), 
('MODIFIER_VAN_CITY_CENTER_PROD_DESERT_HILLS', 'DistrictType', 'DISTRICT_CITY_CENTER'), 
('MODIFIER_VAN_CITY_CENTER_PROD_DESERT_HILLS', 'TerrainType', 'TERRAIN_DESERT_HILLS'), 
('MODIFIER_VAN_CITY_CENTER_PROD_DESERT_HILLS', 'TilesRequired', '1'), 
('MODIFIER_VAN_CITY_CENTER_PROD_DESERT_HILLS', 'YieldType', 'YIELD_PRODUCTION');

-- remove district adjacency plot bonus
DELETE FROM DistrictModifiers
      WHERE ModifierId IN ('MODIFIER_MER_PEARL_OF_THE_DESERT_COMMERCIAL2', 'MODIFIER_MER_PEARL_OF_THE_DESERT_THEATRE2', 'MODIFIER_MER_PEARL_OF_THE_DESERT_HOLYSITE2', 'MODIFIER_MER_PEARL_OF_THE_DESERT_COMMERCIAL3', 'MODIFIER_MER_PEARL_OF_THE_DESERT_THEATRE3', 'MODIFIER_MER_PEARL_OF_THE_DESERT_HOLYSITE3');

-- uu delay to civic mercenaries
UPDATE Units SET PrereqCivic = 'CIVIC_MERCENARIES' WHERE UnitType = 'UNIT_MER_CLIBANARII';

-- uu no faster
DELETE FROM UnitAbilities
      WHERE UnitAbilityType = 'ABILITY_MER_CLIBANARII_FASTER_TERRAIN';

-- uu full strength to +3
UPDATE ModifierArguments SET Value = '3' WHERE ModifierId = 'MODIFIER_MER_CLIBANARII_FULL_STRENGTH';

-- uu need 10 iron
UPDATE Units SET StrategicResource='RESOURCE_IRON' WHERE UnitType='UNIT_MER_CLIBANARII';

-- ui base to +2 food +1 culture
DELETE FROM Improvement_YieldChanges
      WHERE ImprovementType = 'IMPROVEMENT_MER_FUNERARY_TOWERS' AND
            YieldType IN ('YIELD_CULTURE', 'YIELD_FAITH');
DELETE FROM Improvement_Tourism
      WHERE ImprovementType = 'IMPROVEMENT_MER_FUNERARY_TOWERS';
INSERT INTO Improvement_YieldChanges VALUES ('IMPROVEMENT_MER_FUNERARY_TOWERS', 'YIELD_FOOD', 2);
INSERT INTO Improvement_YieldChanges VALUES ('IMPROVEMENT_MER_FUNERARY_TOWERS', 'YIELD_CULTURE', 1);

-- ui no adjacency
DELETE FROM Improvement_Adjacencies
      WHERE ImprovementType = 'IMPROVEMENT_MER_FUNERARY_TOWERS' AND
            YieldChangeId IN ('FuneraryCulture', 'FuneraryFaith', 'FuneraryHoly', 'FuneraryTheater');
DELETE FROM Adjacency_YieldChanges
      WHERE ID IN ('FuneraryCulture', 'FuneraryFaith', 'FuneraryHoly', 'FuneraryTheater');

-- ui early to NULL
UPDATE Improvements SET PrereqTech = NULL WHERE ImprovementType = 'IMPROVEMENT_MER_FUNERARY_TOWERS';

-- Leader
DELETE FROM TraitModifiers
      WHERE ModifierId IN ('MODIFIER_MER_KING_OF_KINGS_GOVERNOR_PRODUCTION', 'MODIFIER_MER_KING_OF_KINGS_GOVERNOR_GOLD', 'MODIFIER_MER_KING_OF_KINGS_CAVALRY_COMMERCIAL');

-- trading post +1 prod
INSERT INTO TraitModifiers (TraitType, ModifierId) VALUES 
('TRAIT_LEADER_MER_KING_OF_KINGS', 'MODIFIER_VAN_TRADING_POST_GOLD_OWN');

INSERT INTO Modifiers (ModifierId, ModifierType, RunOnce, Permanent, NewOnly, OwnerRequirementSetId, SubjectRequirementSetId) VALUES 
('MODIFIER_VAN_TRADING_POST_GOLD_OWN', 'MODIFIER_PLAYER_ADJUST_TRADE_ROUTE_YIELD_PER_POST_IN_OWN_CITY', 0, 0, 0, NULL, NULL);

INSERT INTO ModifierArguments (ModifierId, Name, Value) VALUES 
('MODIFIER_VAN_TRADING_POST_GOLD_OWN', 'Amount', '1'), 
('MODIFIER_VAN_TRADING_POST_GOLD_OWN', 'YieldType', 'YIELD_PRODUCTION');

--
INSERT INTO TraitModifiers (TraitType, ModifierId) VALUES 
('TRAIT_LEADER_MER_KING_OF_KINGS', 'MODIFIER_VAN_TRADING_POST_GOLD_FOREIGN');

INSERT INTO Modifiers (ModifierId, ModifierType, RunOnce, Permanent, NewOnly, OwnerRequirementSetId, SubjectRequirementSetId) VALUES 
('MODIFIER_VAN_TRADING_POST_GOLD_FOREIGN', 'MODIFIER_PLAYER_ADJUST_TRADE_ROUTE_YIELD_PER_POST_IN_FOREIGN_CITY', 0, 0, 0, NULL, NULL);

INSERT INTO ModifierArguments (ModifierId, Name, Value) VALUES 
('MODIFIER_VAN_TRADING_POST_GOLD_FOREIGN', 'Amount', '1'), 
('MODIFIER_VAN_TRADING_POST_GOLD_FOREIGN', 'YieldType', 'YIELD_PRODUCTION');

-- desert and governored city +1 amentity
INSERT INTO TraitModifiers (TraitType, ModifierId) VALUES 
('TRAIT_LEADER_MER_KING_OF_KINGS', 'MODIFIER_VAN_DESERT_GOVERNOR_CITY_AMENITY');

INSERT INTO Modifiers (ModifierId, ModifierType, RunOnce, Permanent, NewOnly, OwnerRequirementSetId, SubjectRequirementSetId) VALUES 
('MODIFIER_VAN_DESERT_GOVERNOR_CITY_AMENITY', 'MODIFIER_PLAYER_CITIES_ADJUST_AMENITIES_FROM_GOVERNORS', 0, 0, 0, NULL, 'REQSET_VAN_DESERT_GOVERNOR_CITY');

INSERT INTO ModifierArguments (ModifierId, Name, Value) VALUES 
('MODIFIER_VAN_DESERT_GOVERNOR_CITY_AMENITY', 'Amount', '1');

INSERT INTO RequirementSets (RequirementSetId, RequirementSetType) VALUES 
('REQSET_VAN_DESERT_GOVERNOR_CITY', 'REQUIREMENTSET_TEST_ALL');

INSERT INTO RequirementSetRequirements (RequirementSetId, RequirementId) VALUES 
('REQSET_VAN_DESERT_GOVERNOR_CITY', 'REQUIRES_CITY_HAS_GOVERNOR'), 
('REQSET_VAN_DESERT_GOVERNOR_CITY', 'REQ_CITY_PLOT_IS_DESERT');

INSERT INTO Requirements (RequirementId, RequirementType) VALUES 
('REQ_CITY_PLOT_IS_DESERT', 'REQUIREMENT_PLOT_TERRAIN_TYPE_MATCHES');

INSERT INTO RequirementArguments (RequirementId, Name, Value) VALUES 
('REQ_CITY_PLOT_IS_DESERT', 'TerrainType', 'TERRAIN_DESERT');

--
INSERT INTO TraitModifiers (TraitType, ModifierId) VALUES 
('TRAIT_LEADER_MER_KING_OF_KINGS', 'MODIFIER_VAN_DESERT_HILLS_GOVERNOR_CITY_AMENITY');

INSERT INTO Modifiers (ModifierId, ModifierType, RunOnce, Permanent, NewOnly, OwnerRequirementSetId, SubjectRequirementSetId) VALUES 
('MODIFIER_VAN_DESERT_HILLS_GOVERNOR_CITY_AMENITY', 'MODIFIER_PLAYER_CITIES_ADJUST_AMENITIES_FROM_GOVERNORS', 0, 0, 0, NULL, 'REQSET_VAN_DESERT_HILLS_GOVERNOR_CITY');

INSERT INTO ModifierArguments (ModifierId, Name, Value) VALUES 
('MODIFIER_VAN_DESERT_HILLS_GOVERNOR_CITY_AMENITY', 'Amount', '1');

INSERT INTO RequirementSets (RequirementSetId, RequirementSetType) VALUES 
('REQSET_VAN_DESERT_HILLS_GOVERNOR_CITY', 'REQUIREMENTSET_TEST_ALL');

INSERT INTO RequirementSetRequirements (RequirementSetId, RequirementId) VALUES 
('REQSET_VAN_DESERT_HILLS_GOVERNOR_CITY', 'REQUIRES_CITY_HAS_GOVERNOR'), 
('REQSET_VAN_DESERT_HILLS_GOVERNOR_CITY', 'REQ_CITY_PLOT_IS_DESERT_HILLS');

INSERT INTO Requirements (RequirementId, RequirementType) VALUES 
('REQ_CITY_PLOT_IS_DESERT_HILLS', 'REQUIREMENT_PLOT_TERRAIN_TYPE_MATCHES');

INSERT INTO RequirementArguments (RequirementId, Name, Value) VALUES 
('REQ_CITY_PLOT_IS_DESERT_HILLS', 'TerrainType', 'TERRAIN_DESERT_HILLS');

-- Leader XP1
DELETE FROM TraitModifiers
      WHERE ModifierId IN ('MER_THEATRE_POINTS_FOUNDED_CITY_ATTACH', 'MER_THEATRE_POINTS_FOUNDED_CITY_ATTACH2', 'MER_THEATRE_POINTS_FOUNDED_CITY_ATTACH3', 'MER_CAMPUS_POINTS_FOUNDED_CITY_ATTACH', 'MER_ENCAMPMENT_POINTS_FOUNDED_CITY_ATTACH', 'MER_COMMERCIAL_POINTS_FOUNDED_CITY_ATTACH', 'MER_HOLY_POINTS_FOUNDED_CITY_ATTACH', 'MER_INDUSTRIAL_POINTS_FOUNDED_CITY_ATTACH', 'MER_THEATRE_POINTS_CAPTURED_CITY_ATTACH', 'MER_THEATRE_POINTS_CAPTURED_CITY_ATTACH2', 'MER_THEATRE_POINTS_CAPTURED_CITY_ATTACH3', 'MER_CAMPUS_POINTS_CAPTURED_CITY_ATTACH', 'MER_ENCAMPMENT_POINTS_CAPTURED_CITY_ATTACH', 'MER_COMMERCIAL_POINTS_CAPTURED_CITY_ATTACH', 'MER_HOLY_POINTS_CAPTURED_CITY_ATTACH', 'MER_INDUSTRIAL_POINTS_CAPTURED_CITY_ATTACH', 'MER_LOYALTY_CAPTURED_CITY_ATTACH', 'MER_HEAVY_CAVALRY_PRODUCTION_CITY_ATTACH', 'MER_HEAVY_CAVALRY_PRODUCTION_CONQUERED_CITY_ATTACH');

-- free HC for market
INSERT INTO TraitModifiers (TraitType, ModifierId) VALUES 
('TRAIT_LEADER_MER_IMPERIAL_ASPIRATIONS', 'MODIFIER_VAN_ZENOBIA_GET_HC_MARKET');

INSERT INTO Modifiers (ModifierId, ModifierType, RunOnce, Permanent, NewOnly, OwnerRequirementSetId, SubjectRequirementSetId) VALUES 
('MODIFIER_VAN_ZENOBIA_GET_HC_MARKET', 'MODIFIER_PLAYER_CITIES_GRANT_UNIT_BY_CLASS', 0, 1, 0, NULL, 'REQSET_VAN_CITY_HAS_MARKET');

INSERT INTO ModifierArguments (ModifierId, Name, Value) VALUES 
('MODIFIER_VAN_ZENOBIA_GET_HC_MARKET', 'UnitPromotionClassType', 'PROMOTION_CLASS_HEAVY_CAVALRY');

INSERT INTO RequirementSets (RequirementSetId, RequirementSetType) VALUES 
('REQSET_VAN_CITY_HAS_MARKET', 'REQUIREMENTSET_TEST_ALL');

INSERT INTO RequirementSetRequirements (RequirementSetId, RequirementId) VALUES 
('REQSET_VAN_CITY_HAS_MARKET', 'REQ_VAN_CITY_HAS_MARKET');

INSERT INTO Requirements (RequirementId, RequirementType) VALUES 
('REQ_VAN_CITY_HAS_MARKET', 'REQUIREMENT_CITY_HAS_BUILDING');

INSERT INTO RequirementArguments (RequirementId, Name, Value) VALUES 
('REQ_VAN_CITY_HAS_MARKET', 'BuildingType', 'BUILDING_MARKET');

-- +2 CS for HC trained in desert and governored city
INSERT INTO TraitModifiers (TraitType, ModifierId) VALUES 
('TRAIT_LEADER_MER_IMPERIAL_ASPIRATIONS', 'MODIFIER_VAN_ZENOBIA_HC_CS'),
('TRAIT_LEADER_MER_IMPERIAL_ASPIRATIONS', 'MODIFIER_VAN_ZENOBIA_HC_CS_HILLS');

INSERT INTO Modifiers (ModifierId, ModifierType, RunOnce, Permanent, NewOnly, OwnerRequirementSetId, SubjectRequirementSetId) VALUES 
('MODIFIER_VAN_ZENOBIA_HC_CS', 'MODIFIER_PLAYER_CITIES_ATTACH_MODIFIER', 0, 0, 0, NULL, NULL),
('MODIFIER_VAN_ZENOBIA_HC_CS_HILLS', 'MODIFIER_PLAYER_CITIES_ATTACH_MODIFIER', 0, 0, 0, NULL, NULL);

INSERT INTO ModifierArguments (ModifierId, Name, Value) VALUES 
('MODIFIER_VAN_ZENOBIA_HC_CS', 'ModifierId', 'MODIFIER_VAN_ZENOBIA_HC_CS_GIVER'),
('MODIFIER_VAN_ZENOBIA_HC_CS_HILLS', 'ModifierId', 'MODIFIER_VAN_ZENOBIA_HC_CS_GIVER');

INSERT INTO Modifiers (ModifierId, ModifierType, RunOnce, Permanent, NewOnly, OwnerRequirementSetId, SubjectRequirementSetId) VALUES 
('MODIFIER_VAN_ZENOBIA_HC_CS_GIVER', 'MODIFIER_SINGLE_CITY_GRANT_ABILITY_FOR_TRAINED_UNITS', 0, 1, 0, 'REQSET_VAN_DESERT_GOVERNOR_CITY', NULL),
('MODIFIER_VAN_ZENOBIA_HC_CS_GIVER_HILLS', 'MODIFIER_SINGLE_CITY_GRANT_ABILITY_FOR_TRAINED_UNITS', 0, 1, 0, 'REQSET_VAN_DESERT_HILLS_GOVERNOR_CITY', NULL);

INSERT INTO ModifierArguments (ModifierId, Name, Value) VALUES 
('MODIFIER_VAN_ZENOBIA_HC_CS_GIVER', 'AbilityType', 'VAN_MER_ZENOBIA_HC_CS_ABILITY'),
('MODIFIER_VAN_ZENOBIA_HC_CS_GIVER_HILLS', 'AbilityType', 'VAN_MER_ZENOBIA_HC_CS_ABILITY');

-- Ability
INSERT INTO Types(Type, Kind) VALUES ('VAN_MER_ZENOBIA_HC_CS_ABILITY', 'KIND_ABILITY');

INSERT INTO TypeTags(Type, Tag) VALUES ('VAN_MER_ZENOBIA_HC_CS_ABILITY', 'CLASS_HEAVY_CAVALRY');

INSERT INTO UnitAbilities(UnitAbilityType, Name, Description, Inactive, Permanent) VALUES
    ('VAN_MER_ZENOBIA_HC_CS_ABILITY', 'LOC_VAN_MER_ZENOBIA_HC_CS_ABILITY_NAME', 'LOC_VAN_MER_ZENOBIA_HC_CS_ABILITY_DESC', 1, 0);

INSERT INTO UnitAbilityModifiers(UnitAbilityType, ModifierId) VALUES
    ('VAN_MER_ZENOBIA_HC_CS_ABILITY', 'VAN_MER_ZENOBIA_ADJUST_HC_CS');

INSERT INTO Modifiers(ModifierId, ModifierType) VALUES
    ('VAN_MER_ZENOBIA_ADJUST_HC_CS', 'MODIFIER_UNIT_ADJUST_COMBAT_STRENGTH');
    
INSERT INTO ModifierArguments(ModifierId, Name, Value) VALUES
    ('VAN_MER_ZENOBIA_ADJUST_HC_CS', 'Amount', '2');

INSERT INTO ModifierStrings (ModifierId, Context, Text) VALUES
    ('VAN_MER_ZENOBIA_ADJUST_HC_CS', 'Preview', 'LOC_VAN_MER_ZENOBIA_HC_CS_ABILITY_DESC');

INSERT INTO ModifierStrings (ModifierId, Context, Text) VALUES
    ('MODIFIER_VAN_ZENOBIA_HC_CS_GIVER', 'Preview', 'LOC_MODIFIER_VAN_ZENOBIA_HC_CS_GIVER_DESC'),
    ('MODIFIER_VAN_ZENOBIA_HC_CS_GIVER_HILLS', 'Preview', 'LOC_MODIFIER_VAN_ZENOBIA_HC_CS_GIVER_HILLS_DESC');







